	<category name="MENUSELECT_CFLAGS" displayname="Compiler Flags - Development">
		<member name="MTX_PROFILE" displayname="Enable Code Profiling Using TSC Counters">
			<support_level>extended</support_level>
		</member>
		<member name="DEBUG_SCHEDULER" displayname="Enable Scheduler Debugging Output">
			<support_level>extended</support_level>
		</member>
		<member name="DEBUG_THREADLOCALS" displayname="Enable Thread-Local-Storage Debugging">
			<support_level>extended</support_level>
		</member>
		<member name="DETECT_DEADLOCKS" displayname="Detect Deadlocks">
			<support_level>extended</support_level>
		</member>
		<member name="DUMP_SCHEDULER" displayname="Dump Scheduler Contents for Debugging">
			<support_level>extended</support_level>
		</member>
		<member name="DO_CRASH" displayname="Crash on fatal errors">
			<support_level>extended</support_level>
		</member>
		<member name="THREAD_CRASH" displayname="Crash on mutex errors">
			<support_level>extended</support_level>
		</member>
		<member name="TEST_FRAMEWORK" displayname="Enable Test Framework API">
			<support_level>extended</support_level>
		</member>
	</category>
