<member name="codec_opus" displayname="Download the Opus codec from Digium.  See https://downloads.digium.com/pub/telephony/codec_opus/README.">
	<support_level>external</support_level>
	<conflict>no_binary_modules</conflict>
	<depend>xmlstarlet</depend>
	<depend>bash</depend>
	<depend>res_format_attr_opus</depend>
	<defaultenabled>no</defaultenabled>
</member>
<member name="codec_silk" displayname="Download the SILK codec from Digium.  See https://downloads.digium.com/pub/telephony/codec_silk/README.">
	<support_level>external</support_level>
	<conflict>no_binary_modules</conflict>
	<depend>xmlstarlet</depend>
	<depend>bash</depend>
	<defaultenabled>no</defaultenabled>
</member>
<member name="codec_siren7" displayname="Download the Siren7 codec from Digium.  See https://downloads.digium.com/pub/telephony/codec_siren7/README.">
	<support_level>external</support_level>
	<conflict>no_binary_modules</conflict>
	<depend>xmlstarlet</depend>
	<depend>bash</depend>
	<defaultenabled>no</defaultenabled>
</member>
<member name="codec_siren14" displayname="Download the Siren14 codec from Digium.  See https://downloads.digium.com/pub/telephony/codec_siren14/README.">
	<support_level>external</support_level>
	<conflict>no_binary_modules</conflict>
	<depend>xmlstarlet</depend>
	<depend>bash</depend>
	<defaultenabled>no</defaultenabled>
</member>
<member name="codec_g729a" displayname="Download the g729a codec from Digium.  A license must be purchased for this codec.  See https://downloads.digium.com/pub/telephony/codec_g729/README.">
	<support_level>external</support_level>
	<conflict>no_binary_modules</conflict>
	<depend>xmlstarlet</depend>
	<depend>bash</depend>
	<defaultenabled>no</defaultenabled>
	<member_data><downloader directory_name="codec_g729"/></member_data>
</member>
